<!-- ═══════════════════════════════════════════════════════════════════════ -->
<!-- Data Architecture — BL Email Lambda                                   -->
<!-- Confluence Storage Format • Matches Log Collector Service pattern      -->
<!-- ═══════════════════════════════════════════════════════════════════════ -->

<!-- ═══════ SECTION 1 — Data Architecture ═══════ -->
<h2>Data Architecture</h2>

<ac:structured-macro ac:name="info" ac:schema-version="1">
  <ac:rich-text-body>
    <p>All data is classified as <strong>Medium</strong>. PII (email addresses) flows through the Lambda but is <strong>not persisted</strong> in any data store.</p>
  </ac:rich-text-body>
</ac:structured-macro>

<ul>
  <li>Lambda processes email/Teams requests containing email addresses (PII), template IDs, and message bodies.</li>
  <li>Email templates stored in RDS PostgreSQL (AES-256 KMS at rest, TLS in transit, scram-sha-256 authentication), cached in ElastiCache Redis.</li>
  <li>Delivery status written to the <code>email_status</code> table for failed invocations.</li>
  <li>Rate-limit counters maintained in Redis to prevent SMTP relay overload.</li>
  <li>Outbound email via SMTP/587 (STARTTLS) through NAT GW &rarr; Campus Firewall.</li>
  <li>Teams messages via Microsoft Graph API (HTTPS/443, OAuth2 ROPC with credentials from CyberArk).</li>
  <li>Logs &rarr; CloudWatch &rarr; Splunk.</li>
  <li>All data classified as <strong>Medium</strong>; PII is not persisted in data stores.</li>
  <li>All 10 interfaces use TLS 1.2+.</li>
</ul>

<!-- ═══════ SECTION 2 — Data Flow Details ═══════ -->
<h2>Data Flow Details</h2>

<h3>Data Flow Diagram</h3>

<p><em>Embedded from draw.io attachment &mdash; replace <code>REPLACE_WITH_PAGE_ID</code> with the Confluence page ID after upload.</em></p>

<ac:structured-macro ac:name="drawio" ac:schema-version="1">
  <ac:parameter ac:name="border">true</ac:parameter>
  <ac:parameter ac:name="viewerToolbar">true</ac:parameter>
  <ac:parameter ac:name="fitWindow">true</ac:parameter>
  <ac:parameter ac:name="diagramName">bl-email-lambda-data-architecture</ac:parameter>
  <ac:parameter ac:name="simpleViewer">false</ac:parameter>
  <ac:parameter ac:name="width">1000</ac:parameter>
  <ac:parameter ac:name="diagramWidth">1400</ac:parameter>
  <ac:parameter ac:name="revision">1</ac:parameter>
  <ac:parameter ac:name="pageId">REPLACE_WITH_PAGE_ID</ac:parameter>
</ac:structured-macro>

<h3>Data Flow Summary</h3>

<ac:structured-macro ac:name="expand" ac:schema-version="1">
  <ac:parameter ac:name="title">Click to expand data flow chain</ac:parameter>
  <ac:rich-text-body>
    <ol>
      <li><strong>BL Proxy Service / Linkback Service &rarr; BL Email Lambda</strong> &mdash; Invoking services send an email or Teams payload (containing PII: email addresses, template IDs, message bodies) via AWS SDK synchronous or asynchronous Lambda invoke (HTTPS, IAM-authenticated).</li>
      <li><strong>BL Email Lambda &rarr; RDS PostgreSQL</strong> &mdash; Lambda reads email templates from the <code>templates</code> table and writes delivery failures to the <code>email_status</code> table (TCP/5432, TLS, scram-sha-256).</li>
      <li><strong>BL Email Lambda &rarr; ElastiCache Redis</strong> &mdash; Lambda reads cached templates and checks/increments rate-limit counters (TCP/6429, TLS, AUTH token from Secrets Manager).</li>
      <li><strong>BL Email Lambda &rarr; Barclays SMTP Relay</strong> &mdash; Lambda sends outbound emails containing PII through the on-premises SMTP relay (SMTP/587, STARTTLS) via NAT Gateway &rarr; Campus Firewall.</li>
      <li><strong>BL Email Lambda &rarr; Microsoft Graph API</strong> &mdash; Lambda sends Teams messages via Graph API (HTTPS/443, OAuth2 ROPC with credentials retrieved from CyberArk).</li>
      <li><strong>BL Email Lambda &rarr; CloudWatch</strong> &mdash; Lambda emits structured logs and custom metrics (AWS SDK, IAM Exec Role).</li>
      <li><strong>CloudWatch &rarr; Splunk</strong> &mdash; Splunk scrapes CloudWatch log groups for centralised log aggregation.</li>
    </ol>
  </ac:rich-text-body>
</ac:structured-macro>

<!-- ═══════ SECTION 3 — Data Flow Diagram Checklist ═══════ -->
<h2>Data Flow Diagram Checklist</h2>

<table>
<thead>
<tr>
  <th style="background-color:#0D47A1;color:#ffffff;padding:8px;text-align:center;width:35px;">#</th>
  <th style="background-color:#0D47A1;color:#ffffff;padding:8px;">Question</th>
  <th style="background-color:#0D47A1;color:#ffffff;padding:8px;width:120px;">Answer</th>
</tr>
</thead>
<tbody>
<tr>
  <td style="text-align:center;font-weight:bold;">1</td>
  <td>For each data concept, is the source identified in the data inventory?</td>
  <td><ac:structured-macro ac:name="status" ac:schema-version="1"><ac:parameter ac:name="title">Yes</ac:parameter><ac:parameter ac:name="colour">Green</ac:parameter></ac:structured-macro></td>
</tr>
<tr>
  <td style="text-align:center;font-weight:bold;">2</td>
  <td>Will this service create or use a data concept that is not in the current list?</td>
  <td><ac:structured-macro ac:name="status" ac:schema-version="1"><ac:parameter ac:name="title">No</ac:parameter><ac:parameter ac:name="colour">Green</ac:parameter></ac:structured-macro></td>
</tr>
<tr>
  <td style="text-align:center;font-weight:bold;">3</td>
  <td>Will this service change the usage or category of existing data stores?</td>
  <td><ac:structured-macro ac:name="status" ac:schema-version="1"><ac:parameter ac:name="title">No</ac:parameter><ac:parameter ac:name="colour">Green</ac:parameter></ac:structured-macro></td>
</tr>
<tr>
  <td style="text-align:center;font-weight:bold;">4(a)</td>
  <td>Will this service introduce a new source for data concepts?</td>
  <td><ac:structured-macro ac:name="status" ac:schema-version="1"><ac:parameter ac:name="title">No</ac:parameter><ac:parameter ac:name="colour">Green</ac:parameter></ac:structured-macro></td>
</tr>
<tr>
  <td style="text-align:center;font-weight:bold;">4(b)</td>
  <td>For impacted data concepts in 4(a), does the service integrate with existing data stores?</td>
  <td><ac:structured-macro ac:name="status" ac:schema-version="1"><ac:parameter ac:name="title">N/A</ac:parameter><ac:parameter ac:name="colour">Grey</ac:parameter></ac:structured-macro></td>
</tr>
</tbody>
</table>

<!-- ═══════ SECTION 4 — Data Migration Architecture ═══════ -->
<h2>Data Migration Architecture</h2>

<p>Not relevant. No data migration needed.</p>
