<ac:structured-macro ac:name="info" ac:schema-version="1">
  <ac:rich-text-body>
    <p><strong>Interfaces Table &mdash; BL Email Lambda</strong><br/>
    Source: Architecture Vision &mdash; BL Email Lambda &bull; <code>bl-email-lambda-architecture.drawio</code> &bull; 10 interfaces<br/>
    Row colors match the BL Email Lambda Architecture diagram.</p>
  </ac:rich-text-body>
</ac:structured-macro>

<!-- ═══════ COLOR LEGEND ═══════ -->
<ac:structured-macro ac:name="expand" ac:schema-version="1">
  <ac:parameter ac:name="title">Row Color Legend (click to expand)</ac:parameter>
  <ac:rich-text-body>
    <table>
      <tbody>
        <tr>
          <td style="background-color:#326CE5;color:#fff;text-align:center;width:80px;"><strong>#326CE5</strong></td>
          <td>Invokers (EKS &rarr; Lambda)</td>
          <td style="background-color:#3F8624;color:#fff;text-align:center;width:80px;"><strong>#3F8624</strong></td>
          <td>Database (RDS PostgreSQL)</td>
          <td style="background-color:#C62828;color:#fff;text-align:center;width:80px;"><strong>#C62828</strong></td>
          <td>Cache (ElastiCache Redis)</td>
        </tr>
        <tr>
          <td style="background-color:#6A1B9A;color:#fff;text-align:center;"><strong>#6A1B9A</strong></td>
          <td>SMTP Relay (On-Prem)</td>
          <td style="background-color:#FF9800;color:#fff;text-align:center;"><strong>#FF9800</strong></td>
          <td>AWS Services (CloudWatch / Secrets Mgr)</td>
          <td style="background-color:#7B1FA2;color:#fff;text-align:center;"><strong>#7B1FA2</strong></td>
          <td>HashiCorp Vault</td>
        </tr>
        <tr>
          <td style="background-color:#0D47A1;color:#fff;text-align:center;"><strong>#0D47A1</strong></td>
          <td>External API (MS Graph)</td>
          <td style="background-color:#B71C1C;color:#fff;text-align:center;"><strong>#B71C1C</strong></td>
          <td>CyberArk Vault</td>
          <td></td>
          <td></td>
        </tr>
      </tbody>
    </table>
  </ac:rich-text-body>
</ac:structured-macro>

<!-- ═══════ INTERFACES TABLE ═══════ -->
<table>
<thead>
<tr>
  <th style="background-color:#0D47A1;color:#ffffff;padding:8px;text-align:center;width:35px;">ID</th>
  <th style="background-color:#0D47A1;color:#ffffff;padding:8px;">Source Component</th>
  <th style="background-color:#0D47A1;color:#ffffff;padding:8px;">Target Component / Application</th>
  <th style="background-color:#0D47A1;color:#ffffff;padding:8px;">Protocol</th>
  <th style="background-color:#0D47A1;color:#ffffff;padding:8px;">Function</th>
  <th style="background-color:#0D47A1;color:#ffffff;padding:8px;">Data Exchanged</th>
  <th style="background-color:#0D47A1;color:#ffffff;padding:8px;">Frequency</th>
  <th style="background-color:#0D47A1;color:#ffffff;padding:8px;">Authentication</th>
  <th style="background-color:#0D47A1;color:#ffffff;padding:8px;">Authorization</th>
</tr>
</thead>
<tbody>

<!-- Row 1 -->
<tr>
  <td style="background-color:#326CE5;color:#ffffff;text-align:center;font-weight:bold;border-left:4px solid #326CE5;">1</td>
  <td>BL Proxy Service (EKS)</td>
  <td>BL Email Lambda</td>
  <td><ac:structured-macro ac:name="status" ac:schema-version="1"><ac:parameter ac:name="title">AWS SDK (HTTPS)</ac:parameter><ac:parameter ac:name="colour">Yellow</ac:parameter></ac:structured-macro></td>
  <td>Synchronous Lambda invoke to send emails/Teams messages</td>
  <td>&lt; 256 KB / request</td>
  <td>On demand per email request</td>
  <td>IRSA (IAM Roles for Service Accounts)</td>
  <td>IAM Policy</td>
</tr>

<!-- Row 2 -->
<tr>
  <td style="background-color:#326CE5;color:#ffffff;text-align:center;font-weight:bold;border-left:4px solid #326CE5;">2</td>
  <td>Linkback Service (EKS)</td>
  <td>BL Email Lambda</td>
  <td><ac:structured-macro ac:name="status" ac:schema-version="1"><ac:parameter ac:name="title">AWS SDK (HTTPS)</ac:parameter><ac:parameter ac:name="colour">Yellow</ac:parameter></ac:structured-macro></td>
  <td>Asynchronous Lambda invoke for email delivery</td>
  <td>&lt; 256 KB / request</td>
  <td>On demand per linkback event</td>
  <td>IRSA (IAM Roles for Service Accounts)</td>
  <td>IAM Policy</td>
</tr>

<!-- Row 3 -->
<tr>
  <td style="background-color:#3F8624;color:#ffffff;text-align:center;font-weight:bold;border-left:4px solid #3F8624;">3</td>
  <td>BL Email Lambda</td>
  <td>RDS PostgreSQL</td>
  <td><ac:structured-macro ac:name="status" ac:schema-version="1"><ac:parameter ac:name="title">TCP/5432 (TLS)</ac:parameter><ac:parameter ac:name="colour">Blue</ac:parameter></ac:structured-macro></td>
  <td>Reads email templates; writes failed invocation status to email_status table</td>
  <td>&lt; 1 MB / request</td>
  <td>Per invocation</td>
  <td>scram-sha-256 (creds via CSM Vault)</td>
  <td>Database role</td>
</tr>

<!-- Row 4 -->
<tr>
  <td style="background-color:#C62828;color:#ffffff;text-align:center;font-weight:bold;border-left:4px solid #C62828;">4</td>
  <td>BL Email Lambda</td>
  <td>ElastiCache Redis</td>
  <td><ac:structured-macro ac:name="status" ac:schema-version="1"><ac:parameter ac:name="title">TCP/6429 (TLS)</ac:parameter><ac:parameter ac:name="colour">Blue</ac:parameter></ac:structured-macro></td>
  <td>Reads cached templates and rate limit data</td>
  <td>&lt; 1 MB / request</td>
  <td>Per invocation</td>
  <td>AUTH token (via Secrets Manager)</td>
  <td>Redis AUTH</td>
</tr>

<!-- Row 5 -->
<tr>
  <td style="background-color:#6A1B9A;color:#ffffff;text-align:center;font-weight:bold;border-left:4px solid #6A1B9A;">5</td>
  <td>BL Email Lambda</td>
  <td>Barclays SMTP Relay (On-Prem)</td>
  <td><ac:structured-macro ac:name="status" ac:schema-version="1"><ac:parameter ac:name="title">SMTP/587 (STARTTLS)</ac:parameter><ac:parameter ac:name="colour">Purple</ac:parameter></ac:structured-macro></td>
  <td>Sends outbound emails via internal SMTP relay through NAT GW &rarr; Campus Firewall</td>
  <td>&lt; 1 MB / request</td>
  <td>Per email send</td>
  <td>IP allowlisting (NAT GW EIP)</td>
  <td>IP allowlist</td>
</tr>

<!-- Row 6 -->
<tr>
  <td style="background-color:#FF9800;color:#ffffff;text-align:center;font-weight:bold;border-left:4px solid #FF9800;">6</td>
  <td>BL Email Lambda</td>
  <td>CloudWatch Logs + Alarms</td>
  <td><ac:structured-macro ac:name="status" ac:schema-version="1"><ac:parameter ac:name="title">AWS SDK (HTTPS)</ac:parameter><ac:parameter ac:name="colour">Yellow</ac:parameter></ac:structured-macro></td>
  <td>Logs execution events, errors, throttling, and duration metrics</td>
  <td>&lt; 1 MB / request</td>
  <td>Per invocation</td>
  <td>IAM Exec Role</td>
  <td>IAM Policy</td>
</tr>

<!-- Row 7 -->
<tr>
  <td style="background-color:#FF9800;color:#ffffff;text-align:center;font-weight:bold;border-left:4px solid #FF9800;">7</td>
  <td>BL Email Lambda</td>
  <td>AWS Secrets Manager</td>
  <td><ac:structured-macro ac:name="status" ac:schema-version="1"><ac:parameter ac:name="title">AWS SDK (HTTPS)</ac:parameter><ac:parameter ac:name="colour">Yellow</ac:parameter></ac:structured-macro></td>
  <td>Retrieves Redis AUTH token</td>
  <td>&lt; 1 KB / request</td>
  <td>On startup / cache refresh</td>
  <td>IAM Exec Role</td>
  <td>IAM Policy</td>
</tr>

<!-- Row 8 -->
<tr>
  <td style="background-color:#7B1FA2;color:#ffffff;text-align:center;font-weight:bold;border-left:4px solid #7B1FA2;">8</td>
  <td>BL Email Lambda</td>
  <td>CSM HashiCorp Vault</td>
  <td><ac:structured-macro ac:name="status" ac:schema-version="1"><ac:parameter ac:name="title">HTTPS/443</ac:parameter><ac:parameter ac:name="colour">Green</ac:parameter></ac:structured-macro></td>
  <td>Retrieves RDS database credentials (scram-sha-256)</td>
  <td>&lt; 1 KB / request</td>
  <td>On startup / cache refresh</td>
  <td>Vault AppRole</td>
  <td>Vault policy</td>
</tr>

<!-- Row 9 -->
<tr>
  <td style="background-color:#0D47A1;color:#ffffff;text-align:center;font-weight:bold;border-left:4px solid #0D47A1;">9</td>
  <td>BL Email Lambda</td>
  <td>Microsoft Graph API (External)</td>
  <td><ac:structured-macro ac:name="status" ac:schema-version="1"><ac:parameter ac:name="title">HTTPS/443</ac:parameter><ac:parameter ac:name="colour">Green</ac:parameter></ac:structured-macro></td>
  <td>Sends MS Teams messages via Graph API through NAT GW &rarr; Campus Firewall</td>
  <td>&lt; 1 MB / request</td>
  <td>Per Teams message send</td>
  <td>OAuth2 ROPC (creds via CyberArk)</td>
  <td>OAuth2 scope</td>
</tr>

<!-- Row 10 -->
<tr>
  <td style="background-color:#B71C1C;color:#ffffff;text-align:center;font-weight:bold;border-left:4px solid #B71C1C;">10</td>
  <td>BL Email Lambda</td>
  <td>CyberArk Vault</td>
  <td><ac:structured-macro ac:name="status" ac:schema-version="1"><ac:parameter ac:name="title">HTTPS/443</ac:parameter><ac:parameter ac:name="colour">Green</ac:parameter></ac:structured-macro></td>
  <td>Retrieves MS Graph API credentials (ROPC username/password)</td>
  <td>&lt; 1 KB / request</td>
  <td>On startup / cache refresh</td>
  <td>CyberArk AppID / cert</td>
  <td>CyberArk safe policy</td>
</tr>

</tbody>
</table>
